<?xml version="1.0" encoding="UTF-8"?>
<project-private xmlns="http://www.netbeans.org/ns/project-private/1">
    <editor-bookmarks xmlns="http://www.netbeans.org/ns/editor-bookmarks/2" lastBookmarkId="0"/>
    <open-files xmlns="http://www.netbeans.org/ns/projectui-open-files/2">
        <group name="Tarea UT03 2019-2020">
            <file>file:/E:/Dropbox/PROG_2019_20/PROG03/Tareas/2019-2020/201920ProgTarea03/src/pkg201920progtarea03/HorasEntreClases.java</file>
        </group>
        <group name="Tarea3_201920"/>
        <group/>
    </open-files>
</project-private>
