<?xml version="1.0" encoding="UTF-8"?>
<project-private xmlns="http://www.netbeans.org/ns/project-private/1">
    <editor-bookmarks xmlns="http://www.netbeans.org/ns/editor-bookmarks/2" lastBookmarkId="0"/>
    <open-files xmlns="http://www.netbeans.org/ns/projectui-open-files/2">
        <group name="Group 20180406-09:47:19"/>
        <group name="GrupoTarea1">
            <file>file:/C:/Users/Salvador%20Romero/Dropbox/PROG_2018_19/PROG01/PROG01_Unif/Fuentes/codigo/SolucionTarea01_2018_19/Tarea1_201819/src/tarea1_201819/Actividad02.java</file>
            <file>file:/C:/Users/Salvador%20Romero/Dropbox/PROG_2018_19/PROG01/PROG01_Unif/Fuentes/codigo/SolucionTarea01_2018_19/Tarea1_201819/src/tarea1_201819/Actividad01.java</file>
            <file>file:/C:/Users/Salvador%20Romero/Dropbox/PROG_2018_19/PROG01/PROG01_Unif/Fuentes/codigo/SolucionTarea01_2018_19/Tarea1_201819/src/tarea1_201819/Actividad06.java</file>
            <file>file:/C:/Users/Salvador%20Romero/Dropbox/PROG_2018_19/PROG01/PROG01_Unif/Fuentes/codigo/SolucionTarea01_2018_19/Tarea1_201819/src/tarea1_201819/Actividad03.java</file>
            <file>file:/C:/Users/Salvador%20Romero/Dropbox/PROG_2018_19/PROG01/PROG01_Unif/Fuentes/codigo/SolucionTarea01_2018_19/Tarea1_201819/src/tarea1_201819/Actividad04.java</file>
            <file>file:/C:/Users/Salvador%20Romero/Dropbox/PROG_2018_19/PROG01/PROG01_Unif/Fuentes/codigo/SolucionTarea01_2018_19/Tarea1_201819/src/tarea1_201819/Actividad07.java</file>
            <file>file:/C:/Users/Salvador%20Romero/Dropbox/PROG_2018_19/PROG01/PROG01_Unif/Fuentes/codigo/SolucionTarea01_2018_19/Tarea1_201819/src/tarea1_201819/Actividad05.java</file>
        </group>
        <group name="Tarea2_201819">
            <file>file:/C:/Users/Salvador%20Romero/Dropbox/PROG_2018_19/PROG01/PROG01_Unif/Fuentes/codigo/SolucionTarea01_2018_19/Tarea1_201819/src/tarea1_201819/Actividad02.java</file>
            <file>file:/C:/Users/Salvador%20Romero/Dropbox/PROG_2018_19/PROG01/PROG01_Unif/Fuentes/codigo/SolucionTarea01_2018_19/Tarea1_201819/src/tarea1_201819/Actividad05.java</file>
            <file>file:/C:/Users/Salvador%20Romero/Dropbox/PROG_2018_19/PROG01/PROG01_Unif/Fuentes/codigo/SolucionTarea01_2018_19/Tarea1_201819/src/tarea1_201819/Actividad01.java</file>
            <file>file:/C:/Users/Salvador%20Romero/Dropbox/PROG_2018_19/PROG01/PROG01_Unif/Fuentes/codigo/SolucionTarea01_2018_19/Tarea1_201819/src/tarea1_201819/Actividad06.java</file>
            <file>file:/C:/Users/Salvador%20Romero/Dropbox/PROG_2018_19/PROG01/PROG01_Unif/Fuentes/codigo/SolucionTarea01_2018_19/Tarea1_201819/src/tarea1_201819/Actividad04.java</file>
            <file>file:/C:/Users/Salvador%20Romero/Dropbox/PROG_2018_19/PROG01/PROG01_Unif/Fuentes/codigo/SolucionTarea01_2018_19/Tarea1_201819/src/tarea1_201819/Actividad03.java</file>
            <file>file:/C:/Users/Salvador%20Romero/Dropbox/PROG_2018_19/PROG01/PROG01_Unif/Fuentes/codigo/SolucionTarea01_2018_19/Tarea1_201819/src/tarea1_201819/Actividad07.java</file>
        </group>
        <group name="Tarea1_201819"/>
        <group name="Tarea1_201920">
            <file>file:/C:/Users/Salvador%20Romero/Dropbox/PROG_2019_20/PROG01/Tareas/2019-2020/Tarea1_201920/src/tarea1201920/Actividad07.java</file>
            <file>file:/C:/Users/Salvador%20Romero/Dropbox/PROG_2019_20/PROG01/Tareas/2019-2020/Tarea1_201920/src/tarea1201920/Actividad02.java</file>
            <file>file:/C:/Users/Salvador%20Romero/Dropbox/PROG_2019_20/PROG01/Tareas/2019-2020/Tarea1_201920/src/tarea1201920/Actividad04.java</file>
            <file>file:/C:/Users/Salvador%20Romero/Dropbox/PROG_2019_20/PROG01/Tareas/2019-2020/Tarea1_201920/src/tarea1201920/Actividad05.java</file>
            <file>file:/C:/Users/Salvador%20Romero/Dropbox/PROG_2019_20/PROG01/Tareas/2019-2020/Tarea1_201920/src/tarea1201920/Actividad03.java</file>
            <file>file:/C:/Users/Salvador%20Romero/Dropbox/PROG_2019_20/PROG01/Tareas/2019-2020/Tarea1_201920/src/tarea1201920/Actividad06.java</file>
        </group>
        <group name="TareaUT01">
            <file>file:/E:/Dropbox/PROG_2019_20/PROG01/Tareas/2019-2020/Tarea1_201920/src/tarea1201920/Actividad07.java</file>
            <file>file:/E:/Dropbox/PROG_2019_20/PROG01/Tareas/2019-2020/Tarea1_201920/src/tarea1201920/Actividad06.java</file>
        </group>
        <group>
            <file>file:/C:/Users/jjber/Dropbox/PROG_2019_20/PROG01/Tareas/2019-2020/Tarea1_201920/src/tarea1201920/Actividad07.java</file>
        </group>
    </open-files>
</project-private>
