<?xml version="1.0" encoding="UTF-8"?>
<project-private xmlns="http://www.netbeans.org/ns/project-private/1">
    <editor-bookmarks xmlns="http://www.netbeans.org/ns/editor-bookmarks/2" lastBookmarkId="0"/>
    <open-files xmlns="http://www.netbeans.org/ns/projectui-open-files/2">
        <group name="Tarea UT04 2019-2020">
            <file>file:/E:/Dropbox/PROG_2019_20/PROG04/Tareas/2019-2020/SolucionTarea4_2019-2020/src/tarea4/Ejercicio05.java</file>
        </group>
        <group name="Tarea4_201920">
            <file>file:/C:/Users/Salvador%20Romero/Dropbox/PROG_2019_20/PROG04/Tareas/2019-2020/SolucionTarea4_2019-2020/src/tarea4/Ejercicio05.java</file>
            <file>file:/C:/Users/Salvador%20Romero/Dropbox/PROG_2019_20/PROG04/Tareas/2019-2020/SolucionTarea4_2019-2020/src/tarea4/Ejercicio02.java</file>
            <file>file:/C:/Users/Salvador%20Romero/Dropbox/PROG_2019_20/PROG04/Tareas/2019-2020/SolucionTarea4_2019-2020/src/tarea4/Ejercicio01.java</file>
            <file>file:/C:/Users/Salvador%20Romero/Dropbox/PROG_2019_20/PROG04/Tareas/2019-2020/SolucionTarea4_2019-2020/src/tarea4/Ejercicio03.java</file>
            <file>file:/C:/Users/Salvador%20Romero/Dropbox/PROG_2019_20/PROG04/Tareas/2019-2020/SolucionTarea4_2019-2020/src/tarea4/Ejercicio04.java</file>
        </group>
        <group>
            <file>file:/C:/Users/jjber/Dropbox/PROG_2019_20/PROG04/Tareas/2019-2020/SolucionTarea4_2019-2020/src/tarea4/Ejercicio04.java</file>
            <file>file:/C:/Users/jjber/Dropbox/PROG_2019_20/PROG04/Tareas/2019-2020/SolucionTarea4_2019-2020/src/tarea4/Ejercicio05.java</file>
        </group>
    </open-files>
</project-private>
