<?xml version="1.0" encoding="UTF-8"?>
<project-private xmlns="http://www.netbeans.org/ns/project-private/1">
    <editor-bookmarks xmlns="http://www.netbeans.org/ns/editor-bookmarks/2" lastBookmarkId="0"/>
    <open-files xmlns="http://www.netbeans.org/ns/projectui-open-files/2">
        <group name="TareaUT05">
            <file>file:/E:/Dropbox/PROG_2019_20/PROG05/Tareas/2019-2020/201920ProgTarea05_Solucion/src/pkg201920progtarea05/CuentaBancaria.java</file>
            <file>file:/E:/Dropbox/PROG_2019_20/PROG05/Tareas/2019-2020/201920ProgTarea05_Solucion/src/pkg201920progtarea05/PruebaCuentaBancaria.java</file>
        </group>
        <group name="Tarea UT03 2019-2020"/>
        <group name="Tarea5_201920">
            <file>file:/C:/Users/Salvador%20Romero/Dropbox/PROG_2019_20/PROG05/Tareas/2019-2020/201920ProgTarea05_Solucion/src/pkg201920progtarea05/CuentaBancaria.java</file>
        </group>
        <group>
            <file>file:/C:/Users/JJBH/Dropbox/PROG_2019_20/PROG05/Tareas/2019-2020/201920ProgTarea05_Solucion/src/pkg201920progtarea05/CuentaBancaria.java</file>
        </group>
    </open-files>
</project-private>
